NODE_21_length_352_cov_13.636364,gi|426406915|ref|NC_019670.1|,99.50,400,2,0,0.0,  728,Pseudomonas sp. UW4 chromosome, complete genome
NODE_21_length_352_cov_13.636364,gi|426406915|ref|NC_019670.1|,99.50,400,2,0,0.0,  728,Pseudomonas sp. UW4 chromosome, complete genome
NODE_21_length_352_cov_13.636364,gi|426406915|ref|NC_019670.1|,99.50,400,2,0,0.0,  728,Pseudomonas sp. UW4 chromosome, complete genome
NODE_21_length_352_cov_13.636364,gi|426406915|ref|NC_019670.1|,99.50,400,2,0,0.0,  728,Pseudomonas sp. UW4 chromosome, complete genome
NODE_21_length_352_cov_13.636364,gi|426406915|ref|NC_019670.1|,99.50,400,2,0,0.0,  728,Pseudomonas sp. UW4 chromosome, complete genome
NODE_21_length_352_cov_13.636364,gi|426406915|ref|NC_019670.1|,99.50,400,2,0,0.0,  728,Pseudomonas sp. UW4 chromosome, complete genome
NODE_21_length_352_cov_13.636364,gi|426406915|ref|NC_019670.1|,99.50,400,2,0,0.0,  728,Pseudomonas sp. UW4 chromosome, complete genome
NODE_21_length_352_cov_13.636364,gi|255961261|ref|NC_007492.2|,99.50,400,2,0,0.0,  728,Pseudomonas fluorescens Pf0-1 chromosome, complete genome
NODE_21_length_352_cov_13.636364,gi|255961261|ref|NC_007492.2|,99.50,400,2,0,0.0,  728,Pseudomonas fluorescens Pf0-1 chromosome, complete genome
NODE_21_length_352_cov_13.636364,gi|255961261|ref|NC_007492.2|,99.50,400,2,0,0.0,  728,Pseudomonas fluorescens Pf0-1 chromosome, complete genome
NODE_21_length_352_cov_13.636364,gi|255961261|ref|NC_007492.2|,99.50,400,2,0,0.0,  728,Pseudomonas fluorescens Pf0-1 chromosome, complete genome
NODE_21_length_352_cov_13.636364,gi|255961261|ref|NC_007492.2|,99.50,400,2,0,0.0,  728,Pseudomonas fluorescens Pf0-1 chromosome, complete genome
NODE_21_length_352_cov_13.636364,gi|255961261|ref|NC_007492.2|,99.50,400,2,0,0.0,  728,Pseudomonas fluorescens Pf0-1 chromosome, complete genome
NODE_21_length_352_cov_13.636364,gi|378947941|ref|NC_016830.1|,99.50,400,2,0,0.0,  728,Pseudomonas fluorescens F113 chromosome, complete genome
NODE_21_length_352_cov_13.636364,gi|378947941|ref|NC_016830.1|,99.50,400,2,0,0.0,  728,Pseudomonas fluorescens F113 chromosome, complete genome
NODE_21_length_352_cov_13.636364,gi|378947941|ref|NC_016830.1|,99.50,400,2,0,0.0,  728,Pseudomonas fluorescens F113 chromosome, complete genome
NODE_21_length_352_cov_13.636364,gi|378947941|ref|NC_016830.1|,99.50,400,2,0,0.0,  728,Pseudomonas fluorescens F113 chromosome, complete genome
NODE_21_length_352_cov_13.636364,gi|378947941|ref|NC_016830.1|,99.50,400,2,0,0.0,  728,Pseudomonas fluorescens F113 chromosome, complete genome
NODE_21_length_352_cov_13.636364,gi|330806657|ref|NC_015379.1|,99.50,400,2,0,0.0,  728,Pseudomonas brassicacearum subsp. brassicacearum NFM421 chromosome, complete genome
NODE_21_length_352_cov_13.636364,gi|330806657|ref|NC_015379.1|,99.50,400,2,0,0.0,  728,Pseudomonas brassicacearum subsp. brassicacearum NFM421 chromosome, complete genome
NODE_21_length_352_cov_13.636364,gi|330806657|ref|NC_015379.1|,99.50,400,2,0,0.0,  728,Pseudomonas brassicacearum subsp. brassicacearum NFM421 chromosome, complete genome
NODE_21_length_352_cov_13.636364,gi|330806657|ref|NC_015379.1|,99.50,400,2,0,0.0,  728,Pseudomonas brassicacearum subsp. brassicacearum NFM421 chromosome, complete genome
NODE_21_length_352_cov_13.636364,gi|330806657|ref|NC_015379.1|,99.50,400,2,0,0.0,  728,Pseudomonas brassicacearum subsp. brassicacearum NFM421 chromosome, complete genome
NODE_21_length_352_cov_13.636364,gi|568136993|ref|NC_023064.1|,99.25,400,3,0,0.0,  723,Pseudomonas sp. TKP, complete genome
NODE_21_length_352_cov_13.636364,gi|568136993|ref|NC_023064.1|,99.25,400,3,0,0.0,  723,Pseudomonas sp. TKP, complete genome
NODE_21_length_352_cov_13.636364,gi|568136993|ref|NC_023064.1|,99.25,400,3,0,0.0,  723,Pseudomonas sp. TKP, complete genome
NODE_21_length_352_cov_13.636364,gi|568136993|ref|NC_023064.1|,99.25,400,3,0,0.0,  723,Pseudomonas sp. TKP, complete genome
NODE_21_length_352_cov_13.636364,gi|568136993|ref|NC_023064.1|,99.25,400,3,0,0.0,  723,Pseudomonas sp. TKP, complete genome
NODE_21_length_352_cov_13.636364,gi|431925209|ref|NC_019936.1|,99.25,400,3,0,0.0,  723,Pseudomonas stutzeri RCH2 chromosome, complete genome
NODE_21_length_352_cov_13.636364,gi|431925209|ref|NC_019936.1|,99.25,400,3,0,0.0,  723,Pseudomonas stutzeri RCH2 chromosome, complete genome
NODE_21_length_352_cov_13.636364,gi|431925209|ref|NC_019936.1|,99.25,400,3,0,0.0,  723,Pseudomonas stutzeri RCH2 chromosome, complete genome
NODE_21_length_352_cov_13.636364,gi|431925209|ref|NC_019936.1|,99.25,400,3,0,0.0,  723,Pseudomonas stutzeri RCH2 chromosome, complete genome
NODE_21_length_352_cov_13.636364,gi|392419087|ref|NC_018028.1|,99.00,400,4,0,0.0,  717,Pseudomonas stutzeri CCUG 29243 chromosome, complete genome
NODE_21_length_352_cov_13.636364,gi|392419087|ref|NC_018028.1|,99.00,400,4,0,0.0,  717,Pseudomonas stutzeri CCUG 29243 chromosome, complete genome
NODE_21_length_352_cov_13.636364,gi|392419087|ref|NC_018028.1|,99.00,400,4,0,0.0,  717,Pseudomonas stutzeri CCUG 29243 chromosome, complete genome
NODE_21_length_352_cov_13.636364,gi|392419087|ref|NC_018028.1|,99.00,400,4,0,0.0,  717,Pseudomonas stutzeri CCUG 29243 chromosome, complete genome
NODE_21_length_352_cov_13.636364,gi|146280397|ref|NC_009434.1|,99.00,400,4,0,0.0,  717,Pseudomonas stutzeri A1501 chromosome, complete genome
NODE_21_length_352_cov_13.636364,gi|146280397|ref|NC_009434.1|,99.00,400,4,0,0.0,  717,Pseudomonas stutzeri A1501 chromosome, complete genome
NODE_21_length_352_cov_13.636364,gi|146280397|ref|NC_009434.1|,98.50,400,6,0,0.0,  706,Pseudomonas stutzeri A1501 chromosome, complete genome
NODE_21_length_352_cov_13.636364,gi|146280397|ref|NC_009434.1|,98.50,400,6,0,0.0,  706,Pseudomonas stutzeri A1501 chromosome, complete genome
NODE_21_length_352_cov_13.636364,gi|70728250|ref|NC_004129.6|,99.00,400,4,0,0.0,  717,Pseudomonas protegens Pf-5 chromosome, complete genome
NODE_21_length_352_cov_13.636364,gi|70728250|ref|NC_004129.6|,99.00,400,4,0,0.0,  717,Pseudomonas protegens Pf-5 chromosome, complete genome
NODE_21_length_352_cov_13.636364,gi|70728250|ref|NC_004129.6|,99.00,400,4,0,0.0,  717,Pseudomonas protegens Pf-5 chromosome, complete genome
NODE_21_length_352_cov_13.636364,gi|70728250|ref|NC_004129.6|,99.00,400,4,0,0.0,  717,Pseudomonas protegens Pf-5 chromosome, complete genome
NODE_21_length_352_cov_13.636364,gi|70728250|ref|NC_004129.6|,99.00,400,4,0,0.0,  717,Pseudomonas protegens Pf-5 chromosome, complete genome
NODE_21_length_352_cov_13.636364,gi|501677485|ref|NC_021237.1|,99.00,400,4,0,0.0,  717,Pseudomonas protegens CHA0, complete genome
NODE_21_length_352_cov_13.636364,gi|501677485|ref|NC_021237.1|,99.00,400,4,0,0.0,  717,Pseudomonas protegens CHA0, complete genome
NODE_21_length_352_cov_13.636364,gi|501677485|ref|NC_021237.1|,99.00,400,4,0,0.0,  717,Pseudomonas protegens CHA0, complete genome
NODE_21_length_352_cov_13.636364,gi|501677485|ref|NC_021237.1|,99.00,400,4,0,0.0,  717,Pseudomonas protegens CHA0, complete genome
NODE_21_length_352_cov_13.636364,gi|501677485|ref|NC_021237.1|,99.00,400,4,0,0.0,  717,Pseudomonas protegens CHA0, complete genome
NODE_30_length_514_cov_37.239300,gi|426406915|ref|NC_019670.1|,100.00,562,0,0,0.0, 1038,Pseudomonas sp. UW4 chromosome, complete genome
NODE_30_length_514_cov_37.239300,gi|426406915|ref|NC_019670.1|,99.64,562,2,0,0.0, 1027,Pseudomonas sp. UW4 chromosome, complete genome
NODE_30_length_514_cov_37.239300,gi|426406915|ref|NC_019670.1|,99.64,562,2,0,0.0, 1027,Pseudomonas sp. UW4 chromosome, complete genome
NODE_30_length_514_cov_37.239300,gi|426406915|ref|NC_019670.1|,99.64,562,2,0,0.0, 1027,Pseudomonas sp. UW4 chromosome, complete genome
NODE_30_length_514_cov_37.239300,gi|426406915|ref|NC_019670.1|,99.29,562,4,0,0.0, 1016,Pseudomonas sp. UW4 chromosome, complete genome
NODE_30_length_514_cov_37.239300,gi|426406915|ref|NC_019670.1|,99.29,562,4,0,0.0, 1016,Pseudomonas sp. UW4 chromosome, complete genome
NODE_30_length_514_cov_37.239300,gi|426406915|ref|NC_019670.1|,99.29,562,4,0,0.0, 1016,Pseudomonas sp. UW4 chromosome, complete genome
NODE_30_length_514_cov_37.239300,gi|387891255|ref|NC_017911.1|,100.00,562,0,0,0.0, 1038,Pseudomonas fluorescens A506 chromosome, complete genome
NODE_30_length_514_cov_37.239300,gi|387891255|ref|NC_017911.1|,100.00,562,0,0,0.0, 1038,Pseudomonas fluorescens A506 chromosome, complete genome
NODE_30_length_514_cov_37.239300,gi|387891255|ref|NC_017911.1|,100.00,562,0,0,0.0, 1038,Pseudomonas fluorescens A506 chromosome, complete genome
NODE_30_length_514_cov_37.239300,gi|387891255|ref|NC_017911.1|,99.64,562,2,0,0.0, 1027,Pseudomonas fluorescens A506 chromosome, complete genome
NODE_30_length_514_cov_37.239300,gi|387891255|ref|NC_017911.1|,99.64,562,2,0,0.0, 1027,Pseudomonas fluorescens A506 chromosome, complete genome
NODE_30_length_514_cov_37.239300,gi|387891255|ref|NC_017911.1|,99.64,562,2,0,0.0, 1027,Pseudomonas fluorescens A506 chromosome, complete genome
NODE_30_length_514_cov_37.239300,gi|568136993|ref|NC_023064.1|,99.11,562,5,0,0.0, 1011,Pseudomonas sp. TKP, complete genome
NODE_30_length_514_cov_37.239300,gi|568136993|ref|NC_023064.1|,99.11,562,5,0,0.0, 1011,Pseudomonas sp. TKP, complete genome
NODE_30_length_514_cov_37.239300,gi|568136993|ref|NC_023064.1|,99.11,562,5,0,0.0, 1011,Pseudomonas sp. TKP, complete genome
NODE_30_length_514_cov_37.239300,gi|568136993|ref|NC_023064.1|,99.11,562,5,0,0.0, 1011,Pseudomonas sp. TKP, complete genome
NODE_30_length_514_cov_37.239300,gi|568136993|ref|NC_023064.1|,99.11,562,5,0,0.0, 1011,Pseudomonas sp. TKP, complete genome
NODE_30_length_514_cov_37.239300,gi|447915004|ref|NC_020209.1|,99.11,562,5,0,0.0, 1011,Pseudomonas poae RE*1-1-14, complete genome
NODE_30_length_514_cov_37.239300,gi|447915004|ref|NC_020209.1|,98.75,562,7,0,0.0, 1000,Pseudomonas poae RE*1-1-14, complete genome
NODE_30_length_514_cov_37.239300,gi|447915004|ref|NC_020209.1|,98.75,562,7,0,0.0, 1000,Pseudomonas poae RE*1-1-14, complete genome
NODE_30_length_514_cov_37.239300,gi|447915004|ref|NC_020209.1|,98.75,562,7,0,0.0, 1000,Pseudomonas poae RE*1-1-14, complete genome
NODE_30_length_514_cov_37.239300,gi|447915004|ref|NC_020209.1|,98.75,562,7,0,0.0, 1000,Pseudomonas poae RE*1-1-14, complete genome
NODE_30_length_514_cov_37.239300,gi|255961261|ref|NC_007492.2|,99.11,562,5,0,0.0, 1011,Pseudomonas fluorescens Pf0-1 chromosome, complete genome
NODE_30_length_514_cov_37.239300,gi|255961261|ref|NC_007492.2|,99.11,562,5,0,0.0, 1011,Pseudomonas fluorescens Pf0-1 chromosome, complete genome
NODE_30_length_514_cov_37.239300,gi|255961261|ref|NC_007492.2|,99.11,562,5,0,0.0, 1011,Pseudomonas fluorescens Pf0-1 chromosome, complete genome
NODE_30_length_514_cov_37.239300,gi|255961261|ref|NC_007492.2|,99.11,562,5,0,0.0, 1011,Pseudomonas fluorescens Pf0-1 chromosome, complete genome
NODE_30_length_514_cov_37.239300,gi|255961261|ref|NC_007492.2|,99.11,562,5,0,0.0, 1011,Pseudomonas fluorescens Pf0-1 chromosome, complete genome
NODE_30_length_514_cov_37.239300,gi|255961261|ref|NC_007492.2|,99.11,562,5,0,0.0, 1011,Pseudomonas fluorescens Pf0-1 chromosome, complete genome
NODE_30_length_514_cov_37.239300,gi|229587578|ref|NC_012660.1|,98.93,562,6,0,0.0, 1005,Pseudomonas fluorescens SBW25 chromosome, complete genome
NODE_30_length_514_cov_37.239300,gi|229587578|ref|NC_012660.1|,98.93,562,6,0,0.0, 1005,Pseudomonas fluorescens SBW25 chromosome, complete genome
NODE_30_length_514_cov_37.239300,gi|229587578|ref|NC_012660.1|,98.93,562,6,0,0.0, 1005,Pseudomonas fluorescens SBW25 chromosome, complete genome
NODE_30_length_514_cov_37.239300,gi|229587578|ref|NC_012660.1|,98.93,562,6,0,0.0, 1005,Pseudomonas fluorescens SBW25 chromosome, complete genome
NODE_30_length_514_cov_37.239300,gi|229587578|ref|NC_012660.1|,98.93,562,6,0,0.0, 1005,Pseudomonas fluorescens SBW25 chromosome, complete genome
NODE_30_length_514_cov_37.239300,gi|70728250|ref|NC_004129.6|,98.75,562,7,0,0.0, 1000,Pseudomonas protegens Pf-5 chromosome, complete genome
NODE_30_length_514_cov_37.239300,gi|70728250|ref|NC_004129.6|,98.75,562,7,0,0.0, 1000,Pseudomonas protegens Pf-5 chromosome, complete genome
NODE_30_length_514_cov_37.239300,gi|70728250|ref|NC_004129.6|,98.75,562,7,0,0.0, 1000,Pseudomonas protegens Pf-5 chromosome, complete genome
NODE_30_length_514_cov_37.239300,gi|70728250|ref|NC_004129.6|,98.75,562,7,0,0.0, 1000,Pseudomonas protegens Pf-5 chromosome, complete genome
NODE_30_length_514_cov_37.239300,gi|70728250|ref|NC_004129.6|,98.75,562,7,0,0.0, 1000,Pseudomonas protegens Pf-5 chromosome, complete genome
NODE_30_length_514_cov_37.239300,gi|501677485|ref|NC_021237.1|,98.75,562,7,0,0.0, 1000,Pseudomonas protegens CHA0, complete genome
NODE_30_length_514_cov_37.239300,gi|501677485|ref|NC_021237.1|,98.75,562,7,0,0.0, 1000,Pseudomonas protegens CHA0, complete genome
NODE_30_length_514_cov_37.239300,gi|501677485|ref|NC_021237.1|,98.75,562,7,0,0.0, 1000,Pseudomonas protegens CHA0, complete genome
NODE_30_length_514_cov_37.239300,gi|501677485|ref|NC_021237.1|,98.75,562,7,0,0.0, 1000,Pseudomonas protegens CHA0, complete genome
NODE_30_length_514_cov_37.239300,gi|501677485|ref|NC_021237.1|,98.75,562,7,0,0.0, 1000,Pseudomonas protegens CHA0, complete genome
NODE_30_length_514_cov_37.239300,gi|378947941|ref|NC_016830.1|,98.04,562,11,0,0.0,  977,Pseudomonas fluorescens F113 chromosome, complete genome
NODE_30_length_514_cov_37.239300,gi|378947941|ref|NC_016830.1|,98.04,562,11,0,0.0,  977,Pseudomonas fluorescens F113 chromosome, complete genome
NODE_30_length_514_cov_37.239300,gi|378947941|ref|NC_016830.1|,98.04,562,11,0,0.0,  977,Pseudomonas fluorescens F113 chromosome, complete genome
NODE_30_length_514_cov_37.239300,gi|378947941|ref|NC_016830.1|,98.04,562,11,0,0.0,  977,Pseudomonas fluorescens F113 chromosome, complete genome
NODE_30_length_514_cov_37.239300,gi|378947941|ref|NC_016830.1|,98.04,562,11,0,0.0,  977,Pseudomonas fluorescens F113 chromosome, complete genome
NODE_30_length_514_cov_37.239300,gi|330806657|ref|NC_015379.1|,98.04,562,11,0,0.0,  977,Pseudomonas brassicacearum subsp. brassicacearum NFM421 chromosome, complete genome
NODE_30_length_514_cov_37.239300,gi|330806657|ref|NC_015379.1|,98.04,562,11,0,0.0,  977,Pseudomonas brassicacearum subsp. brassicacearum NFM421 chromosome, complete genome
NODE_30_length_514_cov_37.239300,gi|330806657|ref|NC_015379.1|,98.04,562,11,0,0.0,  977,Pseudomonas brassicacearum subsp. brassicacearum NFM421 chromosome, complete genome
NODE_30_length_514_cov_37.239300,gi|330806657|ref|NC_015379.1|,98.04,562,11,0,0.0,  977,Pseudomonas brassicacearum subsp. brassicacearum NFM421 chromosome, complete genome
NODE_30_length_514_cov_37.239300,gi|330806657|ref|NC_015379.1|,98.04,562,11,0,0.0,  977,Pseudomonas brassicacearum subsp. brassicacearum NFM421 chromosome, complete genome
NODE_104_length_377_cov_27.299734,gi|385334895|ref|NC_017511.1|,100.00,166,0,0,9e-81,  307,Neisseria gonorrhoeae TCDC-NG08107 chromosome, complete genome
NODE_104_length_377_cov_27.299734,gi|566002026|ref|NC_023044.1|,73.64,387,83,18,6e-28,  132,Methanobacterium sp. MB1 complete sequence
NODE_104_length_377_cov_27.299734,gi|566002026|ref|NC_023044.1|,73.64,387,83,18,6e-28,  132,Methanobacterium sp. MB1 complete sequence
NODE_104_length_377_cov_27.299734,gi|15678031|ref|NC_000916.1|,77.57,214,38,7,1e-24,  121,Methanothermobacter thermautotrophicus str. Delta H chromosome, complete genome
NODE_104_length_377_cov_27.299734,gi|15678031|ref|NC_000916.1|,77.46,213,40,8,1e-24,  121,Methanothermobacter thermautotrophicus str. Delta H chromosome, complete genome
NODE_104_length_377_cov_27.299734,gi|304313778|ref|NC_014408.1|,77.57,214,38,7,1e-24,  121,Methanothermobacter marburgensis str. Marburg chromosome, complete genome
NODE_104_length_377_cov_27.299734,gi|304313778|ref|NC_014408.1|,77.57,214,38,7,1e-24,  121,Methanothermobacter marburgensis str. Marburg chromosome, complete genome
NODE_104_length_377_cov_27.299734,gi|509154128|ref|NC_021355.1|,78.12,192,37,2,2e-23,  117,Methanobrevibacter sp. AbM4, complete genome
NODE_104_length_377_cov_27.299734,gi|509154128|ref|NC_021355.1|,78.12,192,36,3,2e-23,  117,Methanobrevibacter sp. AbM4, complete genome
NODE_104_length_377_cov_27.299734,gi|509154128|ref|NC_021355.1|,78.12,192,36,3,2e-23,  117,Methanobrevibacter sp. AbM4, complete genome
NODE_104_length_377_cov_27.299734,gi|333986242|ref|NC_015574.1|,78.38,185,34,3,6e-23,  115,Methanobacterium sp. SWAN-1 chromosome, complete genome
NODE_104_length_377_cov_27.299734,gi|333986242|ref|NC_015574.1|,78.38,185,34,3,6e-23,  115,Methanobacterium sp. SWAN-1 chromosome, complete genome
NODE_104_length_377_cov_27.299734,gi|333986242|ref|NC_015574.1|,78.38,185,34,3,6e-23,  115,Methanobacterium sp. SWAN-1 chromosome, complete genome
NODE_104_length_377_cov_27.299734,gi|325957759|ref|NC_015216.1|,78.38,185,34,3,6e-23,  115,Methanobacterium sp. AL-21 chromosome, complete genome
NODE_104_length_377_cov_27.299734,gi|325957759|ref|NC_015216.1|,78.38,185,34,3,6e-23,  115,Methanobacterium sp. AL-21 chromosome, complete genome
NODE_104_length_377_cov_27.299734,gi|408402624|ref|NC_018719.1|,78.02,182,40,0,6e-23,  115,Candidatus Nitrososphaera gargensis Ga9.2 chromosome, complete genome
NODE_104_length_377_cov_27.299734,gi|389860324|ref|NC_017954.1|,77.97,177,39,0,8e-22,  111,Thermogladius cellulolyticus 1633 chromosome, complete genome
NODE_104_length_377_cov_27.299734,gi|20093440|ref|NC_003551.1|,77.97,177,39,0,8e-22,  111,Methanopyrus kandleri AV19, complete genome
NODE_172_length_439_cov_34.993168,gi|426406915|ref|NC_019670.1|,99.79,487,1,0,0.0,  894,Pseudomonas sp. UW4 chromosome, complete genome
NODE_172_length_439_cov_34.993168,gi|426406915|ref|NC_019670.1|,99.79,487,1,0,0.0,  894,Pseudomonas sp. UW4 chromosome, complete genome
NODE_172_length_439_cov_34.993168,gi|426406915|ref|NC_019670.1|,99.79,487,1,0,0.0,  894,Pseudomonas sp. UW4 chromosome, complete genome
NODE_172_length_439_cov_34.993168,gi|426406915|ref|NC_019670.1|,99.79,487,1,0,0.0,  894,Pseudomonas sp. UW4 chromosome, complete genome
NODE_172_length_439_cov_34.993168,gi|426406915|ref|NC_019670.1|,99.59,487,1,1,0.0,  887,Pseudomonas sp. UW4 chromosome, complete genome
NODE_172_length_439_cov_34.993168,gi|426406915|ref|NC_019670.1|,99.59,486,2,0,0.0,  887,Pseudomonas sp. UW4 chromosome, complete genome
NODE_172_length_439_cov_34.993168,gi|426406915|ref|NC_019670.1|,99.59,486,2,0,0.0,  887,Pseudomonas sp. UW4 chromosome, complete genome
NODE_172_length_439_cov_34.993168,gi|229587578|ref|NC_012660.1|,99.59,487,2,0,0.0,  889,Pseudomonas fluorescens SBW25 chromosome, complete genome
NODE_172_length_439_cov_34.993168,gi|229587578|ref|NC_012660.1|,99.59,487,2,0,0.0,  889,Pseudomonas fluorescens SBW25 chromosome, complete genome
NODE_172_length_439_cov_34.993168,gi|229587578|ref|NC_012660.1|,99.18,487,4,0,0.0,  878,Pseudomonas fluorescens SBW25 chromosome, complete genome
NODE_172_length_439_cov_34.993168,gi|229587578|ref|NC_012660.1|,99.18,487,4,0,0.0,  878,Pseudomonas fluorescens SBW25 chromosome, complete genome
NODE_172_length_439_cov_34.993168,gi|229587578|ref|NC_012660.1|,99.18,487,4,0,0.0,  878,Pseudomonas fluorescens SBW25 chromosome, complete genome
NODE_172_length_439_cov_34.993168,gi|568136993|ref|NC_023064.1|,99.38,487,3,0,0.0,  883,Pseudomonas sp. TKP, complete genome
NODE_172_length_439_cov_34.993168,gi|568136993|ref|NC_023064.1|,99.38,487,3,0,0.0,  883,Pseudomonas sp. TKP, complete genome
NODE_172_length_439_cov_34.993168,gi|568136993|ref|NC_023064.1|,99.18,487,4,0,0.0,  878,Pseudomonas sp. TKP, complete genome
NODE_172_length_439_cov_34.993168,gi|568136993|ref|NC_023064.1|,99.18,487,4,0,0.0,  878,Pseudomonas sp. TKP, complete genome
NODE_172_length_439_cov_34.993168,gi|568136993|ref|NC_023064.1|,99.18,487,4,0,0.0,  878,Pseudomonas sp. TKP, complete genome
NODE_172_length_439_cov_34.993168,gi|447915004|ref|NC_020209.1|,98.56,487,7,0,0.0,  861,Pseudomonas poae RE*1-1-14, complete genome
NODE_172_length_439_cov_34.993168,gi|447915004|ref|NC_020209.1|,98.56,487,7,0,0.0,  861,Pseudomonas poae RE*1-1-14, complete genome
NODE_172_length_439_cov_34.993168,gi|447915004|ref|NC_020209.1|,98.56,487,7,0,0.0,  861,Pseudomonas poae RE*1-1-14, complete genome
NODE_172_length_439_cov_34.993168,gi|447915004|ref|NC_020209.1|,98.56,487,7,0,0.0,  861,Pseudomonas poae RE*1-1-14, complete genome
NODE_172_length_439_cov_34.993168,gi|447915004|ref|NC_020209.1|,98.36,487,8,0,0.0,  856,Pseudomonas poae RE*1-1-14, complete genome
NODE_172_length_439_cov_34.993168,gi|70728250|ref|NC_004129.6|,98.56,487,7,0,0.0,  861,Pseudomonas protegens Pf-5 chromosome, complete genome
NODE_172_length_439_cov_34.993168,gi|70728250|ref|NC_004129.6|,98.56,487,7,0,0.0,  861,Pseudomonas protegens Pf-5 chromosome, complete genome
NODE_172_length_439_cov_34.993168,gi|70728250|ref|NC_004129.6|,98.56,487,7,0,0.0,  861,Pseudomonas protegens Pf-5 chromosome, complete genome
NODE_172_length_439_cov_34.993168,gi|70728250|ref|NC_004129.6|,98.56,487,7,0,0.0,  861,Pseudomonas protegens Pf-5 chromosome, complete genome
NODE_172_length_439_cov_34.993168,gi|70728250|ref|NC_004129.6|,98.56,487,7,0,0.0,  861,Pseudomonas protegens Pf-5 chromosome, complete genome
NODE_172_length_439_cov_34.993168,gi|501677485|ref|NC_021237.1|,98.56,487,7,0,0.0,  861,Pseudomonas protegens CHA0, complete genome
NODE_172_length_439_cov_34.993168,gi|501677485|ref|NC_021237.1|,98.56,487,7,0,0.0,  861,Pseudomonas protegens CHA0, complete genome
NODE_172_length_439_cov_34.993168,gi|501677485|ref|NC_021237.1|,98.56,487,7,0,0.0,  861,Pseudomonas protegens CHA0, complete genome
NODE_172_length_439_cov_34.993168,gi|501677485|ref|NC_021237.1|,98.56,487,7,0,0.0,  861,Pseudomonas protegens CHA0, complete genome
NODE_172_length_439_cov_34.993168,gi|501677485|ref|NC_021237.1|,98.56,487,7,0,0.0,  861,Pseudomonas protegens CHA0, complete genome
NODE_172_length_439_cov_34.993168,gi|387891255|ref|NC_017911.1|,98.56,487,7,0,0.0,  861,Pseudomonas fluorescens A506 chromosome, complete genome
NODE_172_length_439_cov_34.993168,gi|387891255|ref|NC_017911.1|,98.56,487,7,0,0.0,  861,Pseudomonas fluorescens A506 chromosome, complete genome
NODE_172_length_439_cov_34.993168,gi|387891255|ref|NC_017911.1|,98.56,487,7,0,0.0,  861,Pseudomonas fluorescens A506 chromosome, complete genome
NODE_172_length_439_cov_34.993168,gi|387891255|ref|NC_017911.1|,98.36,487,8,0,0.0,  856,Pseudomonas fluorescens A506 chromosome, complete genome
NODE_172_length_439_cov_34.993168,gi|387891255|ref|NC_017911.1|,98.15,487,9,0,0.0,  850,Pseudomonas fluorescens A506 chromosome, complete genome
NODE_172_length_439_cov_34.993168,gi|387891255|ref|NC_017911.1|,98.15,487,9,0,0.0,  850,Pseudomonas fluorescens A506 chromosome, complete genome
NODE_172_length_439_cov_34.993168,gi|330806657|ref|NC_015379.1|,98.56,487,7,0,0.0,  861,Pseudomonas brassicacearum subsp. brassicacearum NFM421 chromosome, complete genome
NODE_172_length_439_cov_34.993168,gi|330806657|ref|NC_015379.1|,98.56,487,7,0,0.0,  861,Pseudomonas brassicacearum subsp. brassicacearum NFM421 chromosome, complete genome
NODE_172_length_439_cov_34.993168,gi|330806657|ref|NC_015379.1|,98.56,487,7,0,0.0,  861,Pseudomonas brassicacearum subsp. brassicacearum NFM421 chromosome, complete genome
NODE_172_length_439_cov_34.993168,gi|330806657|ref|NC_015379.1|,98.56,487,7,0,0.0,  861,Pseudomonas brassicacearum subsp. brassicacearum NFM421 chromosome, complete genome
NODE_172_length_439_cov_34.993168,gi|330806657|ref|NC_015379.1|,98.36,487,8,0,0.0,  856,Pseudomonas brassicacearum subsp. brassicacearum NFM421 chromosome, complete genome
NODE_172_length_439_cov_34.993168,gi|255961261|ref|NC_007492.2|,98.56,487,6,1,0.0,  859,Pseudomonas fluorescens Pf0-1 chromosome, complete genome
NODE_172_length_439_cov_34.993168,gi|255961261|ref|NC_007492.2|,98.56,487,6,1,0.0,  859,Pseudomonas fluorescens Pf0-1 chromosome, complete genome
NODE_172_length_439_cov_34.993168,gi|255961261|ref|NC_007492.2|,98.56,487,6,1,0.0,  859,Pseudomonas fluorescens Pf0-1 chromosome, complete genome
NODE_172_length_439_cov_34.993168,gi|255961261|ref|NC_007492.2|,98.56,487,6,1,0.0,  859,Pseudomonas fluorescens Pf0-1 chromosome, complete genome
NODE_172_length_439_cov_34.993168,gi|255961261|ref|NC_007492.2|,98.56,487,6,1,0.0,  859,Pseudomonas fluorescens Pf0-1 chromosome, complete genome
NODE_172_length_439_cov_34.993168,gi|255961261|ref|NC_007492.2|,98.56,487,6,1,0.0,  859,Pseudomonas fluorescens Pf0-1 chromosome, complete genome
NODE_172_length_439_cov_34.993168,gi|378947941|ref|NC_016830.1|,98.36,487,8,0,0.0,  856,Pseudomonas fluorescens F113 chromosome, complete genome
NODE_172_length_439_cov_34.993168,gi|378947941|ref|NC_016830.1|,98.36,487,8,0,0.0,  856,Pseudomonas fluorescens F113 chromosome, complete genome
NODE_172_length_439_cov_34.993168,gi|378947941|ref|NC_016830.1|,98.36,487,8,0,0.0,  856,Pseudomonas fluorescens F113 chromosome, complete genome
NODE_172_length_439_cov_34.993168,gi|378947941|ref|NC_016830.1|,98.36,487,8,0,0.0,  856,Pseudomonas fluorescens F113 chromosome, complete genome
NODE_172_length_439_cov_34.993168,gi|378947941|ref|NC_016830.1|,98.36,487,8,0,0.0,  856,Pseudomonas fluorescens F113 chromosome, complete genome
NODE_238_length_356_cov_20.744383,gi|568136993|ref|NC_023064.1|,100.00,404,0,0,0.0,  747,Pseudomonas sp. TKP, complete genome
NODE_238_length_356_cov_20.744383,gi|568136993|ref|NC_023064.1|,100.00,404,0,0,0.0,  747,Pseudomonas sp. TKP, complete genome
NODE_238_length_356_cov_20.744383,gi|568136993|ref|NC_023064.1|,100.00,404,0,0,0.0,  747,Pseudomonas sp. TKP, complete genome
NODE_238_length_356_cov_20.744383,gi|568136993|ref|NC_023064.1|,100.00,404,0,0,0.0,  747,Pseudomonas sp. TKP, complete genome
NODE_238_length_356_cov_20.744383,gi|568136993|ref|NC_023064.1|,100.00,404,0,0,0.0,  747,Pseudomonas sp. TKP, complete genome
NODE_238_length_356_cov_20.744383,gi|426406915|ref|NC_019670.1|,100.00,404,0,0,0.0,  747,Pseudomonas sp. UW4 chromosome, complete genome
NODE_238_length_356_cov_20.744383,gi|426406915|ref|NC_019670.1|,100.00,404,0,0,0.0,  747,Pseudomonas sp. UW4 chromosome, complete genome
NODE_238_length_356_cov_20.744383,gi|426406915|ref|NC_019670.1|,100.00,404,0,0,0.0,  747,Pseudomonas sp. UW4 chromosome, complete genome
NODE_238_length_356_cov_20.744383,gi|426406915|ref|NC_019670.1|,100.00,404,0,0,0.0,  747,Pseudomonas sp. UW4 chromosome, complete genome
NODE_238_length_356_cov_20.744383,gi|426406915|ref|NC_019670.1|,100.00,403,0,0,0.0,  745,Pseudomonas sp. UW4 chromosome, complete genome
NODE_238_length_356_cov_20.744383,gi|426406915|ref|NC_019670.1|,100.00,403,0,0,0.0,  745,Pseudomonas sp. UW4 chromosome, complete genome
NODE_238_length_356_cov_20.744383,gi|426406915|ref|NC_019670.1|,100.00,403,0,0,0.0,  745,Pseudomonas sp. UW4 chromosome, complete genome
NODE_238_length_356_cov_20.744383,gi|447915004|ref|NC_020209.1|,100.00,404,0,0,0.0,  747,Pseudomonas poae RE*1-1-14, complete genome
NODE_238_length_356_cov_20.744383,gi|447915004|ref|NC_020209.1|,100.00,404,0,0,0.0,  747,Pseudomonas poae RE*1-1-14, complete genome
NODE_238_length_356_cov_20.744383,gi|447915004|ref|NC_020209.1|,100.00,404,0,0,0.0,  747,Pseudomonas poae RE*1-1-14, complete genome
NODE_238_length_356_cov_20.744383,gi|447915004|ref|NC_020209.1|,100.00,404,0,0,0.0,  747,Pseudomonas poae RE*1-1-14, complete genome
NODE_238_length_356_cov_20.744383,gi|447915004|ref|NC_020209.1|,100.00,404,0,0,0.0,  747,Pseudomonas poae RE*1-1-14, complete genome
NODE_238_length_356_cov_20.744383,gi|229587578|ref|NC_012660.1|,100.00,404,0,0,0.0,  747,Pseudomonas fluorescens SBW25 chromosome, complete genome
NODE_238_length_356_cov_20.744383,gi|229587578|ref|NC_012660.1|,100.00,404,0,0,0.0,  747,Pseudomonas fluorescens SBW25 chromosome, complete genome
NODE_238_length_356_cov_20.744383,gi|229587578|ref|NC_012660.1|,100.00,404,0,0,0.0,  747,Pseudomonas fluorescens SBW25 chromosome, complete genome
NODE_238_length_356_cov_20.744383,gi|229587578|ref|NC_012660.1|,100.00,404,0,0,0.0,  747,Pseudomonas fluorescens SBW25 chromosome, complete genome
NODE_238_length_356_cov_20.744383,gi|229587578|ref|NC_012660.1|,100.00,404,0,0,0.0,  747,Pseudomonas fluorescens SBW25 chromosome, complete genome
NODE_238_length_356_cov_20.744383,gi|70728250|ref|NC_004129.6|,100.00,404,0,0,0.0,  747,Pseudomonas protegens Pf-5 chromosome, complete genome
NODE_238_length_356_cov_20.744383,gi|70728250|ref|NC_004129.6|,100.00,404,0,0,0.0,  747,Pseudomonas protegens Pf-5 chromosome, complete genome
NODE_238_length_356_cov_20.744383,gi|70728250|ref|NC_004129.6|,100.00,404,0,0,0.0,  747,Pseudomonas protegens Pf-5 chromosome, complete genome
NODE_238_length_356_cov_20.744383,gi|70728250|ref|NC_004129.6|,100.00,404,0,0,0.0,  747,Pseudomonas protegens Pf-5 chromosome, complete genome
NODE_238_length_356_cov_20.744383,gi|70728250|ref|NC_004129.6|,100.00,404,0,0,0.0,  747,Pseudomonas protegens Pf-5 chromosome, complete genome
NODE_238_length_356_cov_20.744383,gi|255961261|ref|NC_007492.2|,100.00,404,0,0,0.0,  747,Pseudomonas fluorescens Pf0-1 chromosome, complete genome
NODE_238_length_356_cov_20.744383,gi|255961261|ref|NC_007492.2|,100.00,404,0,0,0.0,  747,Pseudomonas fluorescens Pf0-1 chromosome, complete genome
NODE_238_length_356_cov_20.744383,gi|255961261|ref|NC_007492.2|,100.00,404,0,0,0.0,  747,Pseudomonas fluorescens Pf0-1 chromosome, complete genome
NODE_238_length_356_cov_20.744383,gi|255961261|ref|NC_007492.2|,100.00,404,0,0,0.0,  747,Pseudomonas fluorescens Pf0-1 chromosome, complete genome
NODE_238_length_356_cov_20.744383,gi|255961261|ref|NC_007492.2|,100.00,404,0,0,0.0,  747,Pseudomonas fluorescens Pf0-1 chromosome, complete genome
NODE_238_length_356_cov_20.744383,gi|255961261|ref|NC_007492.2|,100.00,404,0,0,0.0,  747,Pseudomonas fluorescens Pf0-1 chromosome, complete genome
NODE_238_length_356_cov_20.744383,gi|378947941|ref|NC_016830.1|,100.00,404,0,0,0.0,  747,Pseudomonas fluorescens F113 chromosome, complete genome
NODE_238_length_356_cov_20.744383,gi|378947941|ref|NC_016830.1|,100.00,404,0,0,0.0,  747,Pseudomonas fluorescens F113 chromosome, complete genome
NODE_238_length_356_cov_20.744383,gi|378947941|ref|NC_016830.1|,100.00,404,0,0,0.0,  747,Pseudomonas fluorescens F113 chromosome, complete genome
NODE_238_length_356_cov_20.744383,gi|378947941|ref|NC_016830.1|,100.00,404,0,0,0.0,  747,Pseudomonas fluorescens F113 chromosome, complete genome
NODE_238_length_356_cov_20.744383,gi|378947941|ref|NC_016830.1|,100.00,404,0,0,0.0,  747,Pseudomonas fluorescens F113 chromosome, complete genome
NODE_238_length_356_cov_20.744383,gi|501677485|ref|NC_021237.1|,100.00,404,0,0,0.0,  747,Pseudomonas protegens CHA0, complete genome
NODE_238_length_356_cov_20.744383,gi|501677485|ref|NC_021237.1|,100.00,404,0,0,0.0,  747,Pseudomonas protegens CHA0, complete genome
NODE_238_length_356_cov_20.744383,gi|501677485|ref|NC_021237.1|,100.00,404,0,0,0.0,  747,Pseudomonas protegens CHA0, complete genome
NODE_238_length_356_cov_20.744383,gi|501677485|ref|NC_021237.1|,100.00,404,0,0,0.0,  747,Pseudomonas protegens CHA0, complete genome
NODE_238_length_356_cov_20.744383,gi|501677485|ref|NC_021237.1|,100.00,404,0,0,0.0,  747,Pseudomonas protegens CHA0, complete genome
NODE_238_length_356_cov_20.744383,gi|387891255|ref|NC_017911.1|,100.00,404,0,0,0.0,  747,Pseudomonas fluorescens A506 chromosome, complete genome
NODE_238_length_356_cov_20.744383,gi|387891255|ref|NC_017911.1|,100.00,404,0,0,0.0,  747,Pseudomonas fluorescens A506 chromosome, complete genome
NODE_238_length_356_cov_20.744383,gi|387891255|ref|NC_017911.1|,100.00,404,0,0,0.0,  747,Pseudomonas fluorescens A506 chromosome, complete genome
NODE_238_length_356_cov_20.744383,gi|387891255|ref|NC_017911.1|,100.00,404,0,0,0.0,  747,Pseudomonas fluorescens A506 chromosome, complete genome
NODE_238_length_356_cov_20.744383,gi|387891255|ref|NC_017911.1|,100.00,404,0,0,0.0,  747,Pseudomonas fluorescens A506 chromosome, complete genome
NODE_238_length_356_cov_20.744383,gi|387891255|ref|NC_017911.1|,100.00,404,0,0,0.0,  747,Pseudomonas fluorescens A506 chromosome, complete genome
NODE_238_length_356_cov_20.744383,gi|330806657|ref|NC_015379.1|,100.00,404,0,0,0.0,  747,Pseudomonas brassicacearum subsp. brassicacearum NFM421 chromosome, complete genome
NODE_238_length_356_cov_20.744383,gi|330806657|ref|NC_015379.1|,100.00,404,0,0,0.0,  747,Pseudomonas brassicacearum subsp. brassicacearum NFM421 chromosome, complete genome
NODE_238_length_356_cov_20.744383,gi|330806657|ref|NC_015379.1|,100.00,404,0,0,0.0,  747,Pseudomonas brassicacearum subsp. brassicacearum NFM421 chromosome, complete genome
NODE_238_length_356_cov_20.744383,gi|330806657|ref|NC_015379.1|,100.00,404,0,0,0.0,  747,Pseudomonas brassicacearum subsp. brassicacearum NFM421 chromosome, complete genome
NODE_238_length_356_cov_20.744383,gi|330806657|ref|NC_015379.1|,100.00,404,0,0,0.0,  747,Pseudomonas brassicacearum subsp. brassicacearum NFM421 chromosome, complete genome
NODE_303_length_227_cov_16.629955,gi|447915004|ref|NC_020209.1|,99.27,273,2,0,4e-137,  494,Pseudomonas poae RE*1-1-14, complete genome
NODE_303_length_227_cov_16.629955,gi|447915004|ref|NC_020209.1|,99.27,273,2,0,4e-137,  494,Pseudomonas poae RE*1-1-14, complete genome
NODE_303_length_227_cov_16.629955,gi|447915004|ref|NC_020209.1|,99.27,273,2,0,4e-137,  494,Pseudomonas poae RE*1-1-14, complete genome
NODE_303_length_227_cov_16.629955,gi|447915004|ref|NC_020209.1|,99.27,273,2,0,4e-137,  494,Pseudomonas poae RE*1-1-14, complete genome
NODE_303_length_227_cov_16.629955,gi|447915004|ref|NC_020209.1|,99.27,273,2,0,4e-137,  494,Pseudomonas poae RE*1-1-14, complete genome
NODE_303_length_227_cov_16.629955,gi|229587578|ref|NC_012660.1|,99.27,273,2,0,4e-137,  494,Pseudomonas fluorescens SBW25 chromosome, complete genome
NODE_303_length_227_cov_16.629955,gi|229587578|ref|NC_012660.1|,99.27,273,2,0,4e-137,  494,Pseudomonas fluorescens SBW25 chromosome, complete genome
NODE_303_length_227_cov_16.629955,gi|229587578|ref|NC_012660.1|,99.27,273,2,0,4e-137,  494,Pseudomonas fluorescens SBW25 chromosome, complete genome
NODE_303_length_227_cov_16.629955,gi|229587578|ref|NC_012660.1|,99.27,273,2,0,4e-137,  494,Pseudomonas fluorescens SBW25 chromosome, complete genome
NODE_303_length_227_cov_16.629955,gi|229587578|ref|NC_012660.1|,99.27,273,2,0,4e-137,  494,Pseudomonas fluorescens SBW25 chromosome, complete genome
NODE_303_length_227_cov_16.629955,gi|387891255|ref|NC_017911.1|,99.27,273,2,0,4e-137,  494,Pseudomonas fluorescens A506 chromosome, complete genome
NODE_303_length_227_cov_16.629955,gi|387891255|ref|NC_017911.1|,99.27,273,2,0,4e-137,  494,Pseudomonas fluorescens A506 chromosome, complete genome
NODE_303_length_227_cov_16.629955,gi|387891255|ref|NC_017911.1|,99.27,273,2,0,4e-137,  494,Pseudomonas fluorescens A506 chromosome, complete genome
NODE_303_length_227_cov_16.629955,gi|387891255|ref|NC_017911.1|,99.27,273,2,0,4e-137,  494,Pseudomonas fluorescens A506 chromosome, complete genome
NODE_303_length_227_cov_16.629955,gi|387891255|ref|NC_017911.1|,99.27,273,2,0,4e-137,  494,Pseudomonas fluorescens A506 chromosome, complete genome
NODE_303_length_227_cov_16.629955,gi|387891255|ref|NC_017911.1|,99.27,273,2,0,4e-137,  494,Pseudomonas fluorescens A506 chromosome, complete genome
NODE_303_length_227_cov_16.629955,gi|568136993|ref|NC_023064.1|,98.53,273,4,0,9e-134,  483,Pseudomonas sp. TKP, complete genome
NODE_303_length_227_cov_16.629955,gi|568136993|ref|NC_023064.1|,98.53,273,4,0,9e-134,  483,Pseudomonas sp. TKP, complete genome
NODE_303_length_227_cov_16.629955,gi|568136993|ref|NC_023064.1|,98.53,273,4,0,9e-134,  483,Pseudomonas sp. TKP, complete genome
NODE_303_length_227_cov_16.629955,gi|568136993|ref|NC_023064.1|,98.53,273,4,0,9e-134,  483,Pseudomonas sp. TKP, complete genome
NODE_303_length_227_cov_16.629955,gi|568136993|ref|NC_023064.1|,98.53,273,4,0,9e-134,  483,Pseudomonas sp. TKP, complete genome
NODE_303_length_227_cov_16.629955,gi|28867243|ref|NC_004578.1|,98.53,273,4,0,9e-134,  483,Pseudomonas syringae pv. tomato str. DC3000 chromosome, complete genome
NODE_303_length_227_cov_16.629955,gi|28867243|ref|NC_004578.1|,98.53,273,4,0,9e-134,  483,Pseudomonas syringae pv. tomato str. DC3000 chromosome, complete genome
NODE_303_length_227_cov_16.629955,gi|28867243|ref|NC_004578.1|,98.53,273,4,0,9e-134,  483,Pseudomonas syringae pv. tomato str. DC3000 chromosome, complete genome
NODE_303_length_227_cov_16.629955,gi|28867243|ref|NC_004578.1|,98.53,273,4,0,9e-134,  483,Pseudomonas syringae pv. tomato str. DC3000 chromosome, complete genome
NODE_303_length_227_cov_16.629955,gi|28867243|ref|NC_004578.1|,98.53,273,4,0,9e-134,  483,Pseudomonas syringae pv. tomato str. DC3000 chromosome, complete genome
NODE_303_length_227_cov_16.629955,gi|66043271|ref|NC_007005.1|,98.53,273,4,0,9e-134,  483,Pseudomonas syringae pv. syringae B728a chromosome, complete genome
NODE_303_length_227_cov_16.629955,gi|66043271|ref|NC_007005.1|,98.53,273,4,0,9e-134,  483,Pseudomonas syringae pv. syringae B728a chromosome, complete genome
NODE_303_length_227_cov_16.629955,gi|66043271|ref|NC_007005.1|,98.53,273,4,0,9e-134,  483,Pseudomonas syringae pv. syringae B728a chromosome, complete genome
NODE_303_length_227_cov_16.629955,gi|66043271|ref|NC_007005.1|,98.17,273,5,0,4e-132,  477,Pseudomonas syringae pv. syringae B728a chromosome, complete genome
NODE_303_length_227_cov_16.629955,gi|66043271|ref|NC_007005.1|,98.17,273,5,0,4e-132,  477,Pseudomonas syringae pv. syringae B728a chromosome, complete genome
NODE_303_length_227_cov_16.629955,gi|426406915|ref|NC_019670.1|,98.53,273,4,0,9e-134,  483,Pseudomonas sp. UW4 chromosome, complete genome
NODE_303_length_227_cov_16.629955,gi|426406915|ref|NC_019670.1|,98.53,273,4,0,9e-134,  483,Pseudomonas sp. UW4 chromosome, complete genome
NODE_303_length_227_cov_16.629955,gi|426406915|ref|NC_019670.1|,98.53,273,4,0,9e-134,  483,Pseudomonas sp. UW4 chromosome, complete genome
NODE_303_length_227_cov_16.629955,gi|426406915|ref|NC_019670.1|,98.53,273,4,0,9e-134,  483,Pseudomonas sp. UW4 chromosome, complete genome
NODE_303_length_227_cov_16.629955,gi|426406915|ref|NC_019670.1|,98.53,273,4,0,9e-134,  483,Pseudomonas sp. UW4 chromosome, complete genome
NODE_303_length_227_cov_16.629955,gi|426406915|ref|NC_019670.1|,98.17,273,4,1,1e-131,  475,Pseudomonas sp. UW4 chromosome, complete genome
NODE_303_length_227_cov_16.629955,gi|426406915|ref|NC_019670.1|,97.80,273,6,0,2e-130,  472,Pseudomonas sp. UW4 chromosome, complete genome
NODE_303_length_227_cov_16.629955,gi|104779316|ref|NC_008027.1|,98.53,273,4,0,9e-134,  483,Pseudomonas entomophila L48 chromosome, complete genome
NODE_303_length_227_cov_16.629955,gi|104779316|ref|NC_008027.1|,97.80,273,6,0,2e-130,  472,Pseudomonas entomophila L48 chromosome, complete genome
NODE_303_length_227_cov_16.629955,gi|104779316|ref|NC_008027.1|,97.80,273,6,0,2e-130,  472,Pseudomonas entomophila L48 chromosome, complete genome
NODE_303_length_227_cov_16.629955,gi|104779316|ref|NC_008027.1|,97.80,273,6,0,2e-130,  472,Pseudomonas entomophila L48 chromosome, complete genome
NODE_303_length_227_cov_16.629955,gi|104779316|ref|NC_008027.1|,97.80,273,6,0,2e-130,  472,Pseudomonas entomophila L48 chromosome, complete genome
NODE_303_length_227_cov_16.629955,gi|104779316|ref|NC_008027.1|,97.80,273,6,0,2e-130,  472,Pseudomonas entomophila L48 chromosome, complete genome
NODE_303_length_227_cov_16.629955,gi|104779316|ref|NC_008027.1|,97.80,273,6,0,2e-130,  472,Pseudomonas entomophila L48 chromosome, complete genome
NODE_303_length_227_cov_16.629955,gi|557220722|ref|NC_022738.1|,98.17,273,5,0,4e-132,  477,Pseudomonas sp. VLB120, complete genome
NODE_303_length_227_cov_16.629955,gi|557220722|ref|NC_022738.1|,98.17,273,5,0,4e-132,  477,Pseudomonas sp. VLB120, complete genome
NODE_303_length_227_cov_16.629955,gi|557220722|ref|NC_022738.1|,98.17,273,5,0,4e-132,  477,Pseudomonas sp. VLB120, complete genome
NODE_303_length_227_cov_16.629955,gi|557220722|ref|NC_022738.1|,98.17,273,5,0,4e-132,  477,Pseudomonas sp. VLB120, complete genome
NODE_303_length_227_cov_16.629955,gi|557220722|ref|NC_022738.1|,98.17,273,5,0,4e-132,  477,Pseudomonas sp. VLB120, complete genome
NODE_303_length_227_cov_16.629955,gi|557220722|ref|NC_022738.1|,98.17,273,5,0,4e-132,  477,Pseudomonas sp. VLB120, complete genome
NODE_303_length_227_cov_16.629955,gi|557220722|ref|NC_022738.1|,98.17,273,5,0,4e-132,  477,Pseudomonas sp. VLB120, complete genome
NODE_303_length_227_cov_16.629955,gi|71733195|ref|NC_005773.3|,98.17,273,5,0,4e-132,  477,Pseudomonas syringae pv. phaseolicola 1448A chromosome, complete genome
NODE_303_length_227_cov_16.629955,gi|71733195|ref|NC_005773.3|,98.17,273,5,0,4e-132,  477,Pseudomonas syringae pv. phaseolicola 1448A chromosome, complete genome
NODE_303_length_227_cov_16.629955,gi|71733195|ref|NC_005773.3|,98.17,273,5,0,4e-132,  477,Pseudomonas syringae pv. phaseolicola 1448A chromosome, complete genome
NODE_303_length_227_cov_16.629955,gi|71733195|ref|NC_005773.3|,98.17,273,5,0,4e-132,  477,Pseudomonas syringae pv. phaseolicola 1448A chromosome, complete genome
NODE_303_length_227_cov_16.629955,gi|71733195|ref|NC_005773.3|,98.17,273,5,0,4e-132,  477,Pseudomonas syringae pv. phaseolicola 1448A chromosome, complete genome
NODE_304_length_167_cov_23.395210,gi|482907133|ref|NC_021155.1|,100.00,215,0,0,2e-108,  398,Salmonella enterica subsp. enterica serovar Typhimurium str. U288 plasmid pSTU288-1, complete sequence
NODE_304_length_167_cov_23.395210,gi|18466424|ref|NC_003384.1|,100.00,215,0,0,2e-108,  398,Salmonella enterica subsp. enterica serovar Typhi str. CT18 plasmid pHCM1, complete sequence
NODE_304_length_167_cov_23.395210,gi|194733773|ref|NC_011092.1|,100.00,215,0,0,2e-108,  398,Salmonella enterica subsp. enterica serovar Schwarzengrund str. CVM19633 plasmid pCVM19633_110, complete sequence
NODE_304_length_167_cov_23.395210,gi|528816716|ref|NC_021902.1|,100.00,215,0,0,2e-108,  398,Salmonella enterica subsp. enterica serovar Newport str. USMARC-S3124.1, complete genome
NODE_304_length_167_cov_23.395210,gi|194447306|ref|NC_011083.1|,100.00,215,0,0,2e-108,  398,Salmonella enterica subsp. enterica serovar Heidelberg str. SL476 chromosome, complete genome
NODE_304_length_167_cov_23.395210,gi|525811113|ref|NC_021811.1|,100.00,215,0,0,2e-108,  398,Salmonella enterica subsp. enterica serovar Heidelberg str. 41578 plasmid pSEEH1578_01, complete sequence
NODE_304_length_167_cov_23.395210,gi|386062973|ref|NC_017549.1|,100.00,215,0,0,2e-108,  398,Pseudomonas aeruginosa NCGM2.S1 chromosome 1, complete genome
NODE_304_length_167_cov_23.395210,gi|152973731|ref|NC_009651.1|,100.00,215,0,0,2e-108,  398,Klebsiella pneumoniae subsp. pneumoniae MGH 78578 plasmid pKPN5, complete sequence
NODE_304_length_167_cov_23.395210,gi|152973607|ref|NC_009650.1|,100.00,215,0,0,2e-108,  398,Klebsiella pneumoniae subsp. pneumoniae MGH 78578 plasmid pKPN4, complete sequence
NODE_304_length_167_cov_23.395210,gi|530572997|ref|NC_022078.1|,100.00,215,0,0,2e-108,  398,Klebsiella pneumoniae JM45 plasmid p1, complete sequence
NODE_398_length_488_cov_48.684425,gi|387891255|ref|NC_017911.1|,99.81,536,1,0,0.0,  985,Pseudomonas fluorescens A506 chromosome, complete genome
NODE_398_length_488_cov_48.684425,gi|387891255|ref|NC_017911.1|,99.63,536,2,0,0.0,  979,Pseudomonas fluorescens A506 chromosome, complete genome
NODE_398_length_488_cov_48.684425,gi|387891255|ref|NC_017911.1|,99.63,536,2,0,0.0,  979,Pseudomonas fluorescens A506 chromosome, complete genome
NODE_398_length_488_cov_48.684425,gi|387891255|ref|NC_017911.1|,99.63,536,2,0,0.0,  979,Pseudomonas fluorescens A506 chromosome, complete genome
NODE_398_length_488_cov_48.684425,gi|387891255|ref|NC_017911.1|,99.63,536,2,0,0.0,  979,Pseudomonas fluorescens A506 chromosome, complete genome
NODE_398_length_488_cov_48.684425,gi|387891255|ref|NC_017911.1|,99.44,536,3,0,0.0,  974,Pseudomonas fluorescens A506 chromosome, complete genome
NODE_398_length_488_cov_48.684425,gi|255961261|ref|NC_007492.2|,98.88,536,6,0,0.0,  957,Pseudomonas fluorescens Pf0-1 chromosome, complete genome
NODE_398_length_488_cov_48.684425,gi|255961261|ref|NC_007492.2|,98.88,536,6,0,0.0,  957,Pseudomonas fluorescens Pf0-1 chromosome, complete genome
NODE_398_length_488_cov_48.684425,gi|255961261|ref|NC_007492.2|,98.88,536,6,0,0.0,  957,Pseudomonas fluorescens Pf0-1 chromosome, complete genome
NODE_398_length_488_cov_48.684425,gi|255961261|ref|NC_007492.2|,98.88,536,6,0,0.0,  957,Pseudomonas fluorescens Pf0-1 chromosome, complete genome
NODE_398_length_488_cov_48.684425,gi|255961261|ref|NC_007492.2|,98.88,536,6,0,0.0,  957,Pseudomonas fluorescens Pf0-1 chromosome, complete genome
NODE_398_length_488_cov_48.684425,gi|255961261|ref|NC_007492.2|,98.88,536,6,0,0.0,  957,Pseudomonas fluorescens Pf0-1 chromosome, complete genome
NODE_398_length_488_cov_48.684425,gi|447915004|ref|NC_020209.1|,97.58,537,11,2,0.0,  918,Pseudomonas poae RE*1-1-14, complete genome
NODE_398_length_488_cov_48.684425,gi|447915004|ref|NC_020209.1|,97.58,537,11,2,0.0,  918,Pseudomonas poae RE*1-1-14, complete genome
NODE_398_length_488_cov_48.684425,gi|447915004|ref|NC_020209.1|,97.58,537,11,2,0.0,  918,Pseudomonas poae RE*1-1-14, complete genome
NODE_398_length_488_cov_48.684425,gi|447915004|ref|NC_020209.1|,97.58,537,11,2,0.0,  918,Pseudomonas poae RE*1-1-14, complete genome
NODE_398_length_488_cov_48.684425,gi|447915004|ref|NC_020209.1|,97.58,537,11,2,0.0,  918,Pseudomonas poae RE*1-1-14, complete genome
NODE_398_length_488_cov_48.684425,gi|568136993|ref|NC_023064.1|,97.39,537,12,2,0.0,  913,Pseudomonas sp. TKP, complete genome
NODE_398_length_488_cov_48.684425,gi|568136993|ref|NC_023064.1|,97.39,537,12,2,0.0,  913,Pseudomonas sp. TKP, complete genome
NODE_398_length_488_cov_48.684425,gi|568136993|ref|NC_023064.1|,97.39,537,12,2,0.0,  913,Pseudomonas sp. TKP, complete genome
NODE_398_length_488_cov_48.684425,gi|568136993|ref|NC_023064.1|,97.39,537,12,2,0.0,  913,Pseudomonas sp. TKP, complete genome
NODE_398_length_488_cov_48.684425,gi|568136993|ref|NC_023064.1|,97.39,537,12,2,0.0,  913,Pseudomonas sp. TKP, complete genome
NODE_398_length_488_cov_48.684425,gi|229587578|ref|NC_012660.1|,97.39,537,12,2,0.0,  913,Pseudomonas fluorescens SBW25 chromosome, complete genome
NODE_398_length_488_cov_48.684425,gi|229587578|ref|NC_012660.1|,97.39,537,12,2,0.0,  913,Pseudomonas fluorescens SBW25 chromosome, complete genome
NODE_398_length_488_cov_48.684425,gi|229587578|ref|NC_012660.1|,97.39,537,12,2,0.0,  913,Pseudomonas fluorescens SBW25 chromosome, complete genome
NODE_398_length_488_cov_48.684425,gi|229587578|ref|NC_012660.1|,97.39,537,12,2,0.0,  913,Pseudomonas fluorescens SBW25 chromosome, complete genome
NODE_398_length_488_cov_48.684425,gi|229587578|ref|NC_012660.1|,97.39,537,12,2,0.0,  913,Pseudomonas fluorescens SBW25 chromosome, complete genome
NODE_398_length_488_cov_48.684425,gi|104779316|ref|NC_008027.1|,97.39,536,14,0,0.0,  913,Pseudomonas entomophila L48 chromosome, complete genome
NODE_398_length_488_cov_48.684425,gi|104779316|ref|NC_008027.1|,97.39,536,14,0,0.0,  913,Pseudomonas entomophila L48 chromosome, complete genome
NODE_398_length_488_cov_48.684425,gi|104779316|ref|NC_008027.1|,97.39,536,14,0,0.0,  913,Pseudomonas entomophila L48 chromosome, complete genome
NODE_398_length_488_cov_48.684425,gi|104779316|ref|NC_008027.1|,97.39,536,14,0,0.0,  913,Pseudomonas entomophila L48 chromosome, complete genome
NODE_398_length_488_cov_48.684425,gi|104779316|ref|NC_008027.1|,97.39,536,14,0,0.0,  913,Pseudomonas entomophila L48 chromosome, complete genome
NODE_398_length_488_cov_48.684425,gi|104779316|ref|NC_008027.1|,97.39,536,14,0,0.0,  913,Pseudomonas entomophila L48 chromosome, complete genome
NODE_398_length_488_cov_48.684425,gi|104779316|ref|NC_008027.1|,97.20,536,15,0,0.0,  907,Pseudomonas entomophila L48 chromosome, complete genome
NODE_398_length_488_cov_48.684425,gi|557220722|ref|NC_022738.1|,97.20,536,15,0,0.0,  907,Pseudomonas sp. VLB120, complete genome
NODE_398_length_488_cov_48.684425,gi|557220722|ref|NC_022738.1|,97.20,536,15,0,0.0,  907,Pseudomonas sp. VLB120, complete genome
NODE_398_length_488_cov_48.684425,gi|557220722|ref|NC_022738.1|,97.20,536,15,0,0.0,  907,Pseudomonas sp. VLB120, complete genome
NODE_398_length_488_cov_48.684425,gi|557220722|ref|NC_022738.1|,97.20,536,15,0,0.0,  907,Pseudomonas sp. VLB120, complete genome
NODE_398_length_488_cov_48.684425,gi|557220722|ref|NC_022738.1|,97.20,536,15,0,0.0,  907,Pseudomonas sp. VLB120, complete genome
NODE_398_length_488_cov_48.684425,gi|557220722|ref|NC_022738.1|,97.20,536,15,0,0.0,  907,Pseudomonas sp. VLB120, complete genome
NODE_398_length_488_cov_48.684425,gi|557220722|ref|NC_022738.1|,97.20,536,15,0,0.0,  907,Pseudomonas sp. VLB120, complete genome
NODE_398_length_488_cov_48.684425,gi|28867243|ref|NC_004578.1|,97.21,537,13,2,0.0,  907,Pseudomonas syringae pv. tomato str. DC3000 chromosome, complete genome
NODE_398_length_488_cov_48.684425,gi|28867243|ref|NC_004578.1|,97.21,537,13,2,0.0,  907,Pseudomonas syringae pv. tomato str. DC3000 chromosome, complete genome
NODE_398_length_488_cov_48.684425,gi|28867243|ref|NC_004578.1|,97.21,537,13,2,0.0,  907,Pseudomonas syringae pv. tomato str. DC3000 chromosome, complete genome
NODE_398_length_488_cov_48.684425,gi|28867243|ref|NC_004578.1|,97.21,537,13,2,0.0,  907,Pseudomonas syringae pv. tomato str. DC3000 chromosome, complete genome
NODE_398_length_488_cov_48.684425,gi|28867243|ref|NC_004578.1|,97.21,537,13,2,0.0,  907,Pseudomonas syringae pv. tomato str. DC3000 chromosome, complete genome
NODE_398_length_488_cov_48.684425,gi|71733195|ref|NC_005773.3|,97.21,537,13,2,0.0,  907,Pseudomonas syringae pv. phaseolicola 1448A chromosome, complete genome
NODE_398_length_488_cov_48.684425,gi|71733195|ref|NC_005773.3|,97.21,537,13,2,0.0,  907,Pseudomonas syringae pv. phaseolicola 1448A chromosome, complete genome
NODE_398_length_488_cov_48.684425,gi|71733195|ref|NC_005773.3|,97.21,537,13,2,0.0,  907,Pseudomonas syringae pv. phaseolicola 1448A chromosome, complete genome
NODE_398_length_488_cov_48.684425,gi|71733195|ref|NC_005773.3|,97.21,537,13,2,0.0,  907,Pseudomonas syringae pv. phaseolicola 1448A chromosome, complete genome
NODE_398_length_488_cov_48.684425,gi|71733195|ref|NC_005773.3|,97.21,537,13,2,0.0,  907,Pseudomonas syringae pv. phaseolicola 1448A chromosome, complete genome
NODE_398_length_488_cov_48.684425,gi|339484941|ref|NC_015733.1|,97.20,536,15,0,0.0,  907,Pseudomonas putida S16 chromosome, complete genome
NODE_398_length_488_cov_48.684425,gi|339484941|ref|NC_015733.1|,95.90,536,22,0,0.0,  869,Pseudomonas putida S16 chromosome, complete genome
NODE_398_length_488_cov_48.684425,gi|339484941|ref|NC_015733.1|,95.90,536,22,0,0.0,  869,Pseudomonas putida S16 chromosome, complete genome
NODE_398_length_488_cov_48.684425,gi|339484941|ref|NC_015733.1|,94.97,537,25,2,0.0,  841,Pseudomonas putida S16 chromosome, complete genome
NODE_398_length_488_cov_48.684425,gi|339484941|ref|NC_015733.1|,94.97,537,25,2,0.0,  841,Pseudomonas putida S16 chromosome, complete genome
NODE_398_length_488_cov_48.684425,gi|339484941|ref|NC_015733.1|,94.97,537,25,2,0.0,  841,Pseudomonas putida S16 chromosome, complete genome
NODE_410_length_258_cov_10.709302,gi|74310614|ref|NC_007384.1|,99.67,304,1,0,6e-156,  556,Shigella sonnei Ss046 chromosome, complete genome
NODE_410_length_258_cov_10.709302,gi|74310614|ref|NC_007384.1|,99.67,304,1,0,6e-156,  556,Shigella sonnei Ss046 chromosome, complete genome
NODE_410_length_258_cov_10.709302,gi|74310614|ref|NC_007384.1|,99.67,304,1,0,6e-156,  556,Shigella sonnei Ss046 chromosome, complete genome
NODE_410_length_258_cov_10.709302,gi|74310614|ref|NC_007384.1|,99.67,304,1,0,6e-156,  556,Shigella sonnei Ss046 chromosome, complete genome
NODE_410_length_258_cov_10.709302,gi|74310614|ref|NC_007384.1|,99.67,304,1,0,6e-156,  556,Shigella sonnei Ss046 chromosome, complete genome
NODE_410_length_258_cov_10.709302,gi|74310614|ref|NC_007384.1|,98.03,304,6,0,1e-147,  529,Shigella sonnei Ss046 chromosome, complete genome
NODE_410_length_258_cov_10.709302,gi|74310614|ref|NC_007384.1|,97.70,304,7,0,6e-146,  523,Shigella sonnei Ss046 chromosome, complete genome
NODE_410_length_258_cov_10.709302,gi|377520096|ref|NC_016822.1|,99.67,304,1,0,6e-156,  556,Shigella sonnei 53G, complete genome
NODE_410_length_258_cov_10.709302,gi|377520096|ref|NC_016822.1|,99.67,304,1,0,6e-156,  556,Shigella sonnei 53G, complete genome
NODE_410_length_258_cov_10.709302,gi|377520096|ref|NC_016822.1|,99.67,304,1,0,6e-156,  556,Shigella sonnei 53G, complete genome
NODE_410_length_258_cov_10.709302,gi|377520096|ref|NC_016822.1|,99.01,304,3,0,1e-152,  545,Shigella sonnei 53G, complete genome
NODE_410_length_258_cov_10.709302,gi|377520096|ref|NC_016822.1|,99.01,304,3,0,1e-152,  545,Shigella sonnei 53G, complete genome
NODE_410_length_258_cov_10.709302,gi|377520096|ref|NC_016822.1|,98.03,304,6,0,1e-147,  529,Shigella sonnei 53G, complete genome
NODE_410_length_258_cov_10.709302,gi|377520096|ref|NC_016822.1|,97.70,304,7,0,6e-146,  523,Shigella sonnei 53G, complete genome
NODE_410_length_258_cov_10.709302,gi|384541581|ref|NC_017328.1|,99.67,304,1,0,6e-156,  556,Shigella flexneri 2002017 chromosome, complete genome
NODE_410_length_258_cov_10.709302,gi|384541581|ref|NC_017328.1|,99.34,304,2,0,3e-154,  551,Shigella flexneri 2002017 chromosome, complete genome
NODE_410_length_258_cov_10.709302,gi|384541581|ref|NC_017328.1|,99.34,304,2,0,3e-154,  551,Shigella flexneri 2002017 chromosome, complete genome
NODE_410_length_258_cov_10.709302,gi|384541581|ref|NC_017328.1|,99.34,304,2,0,3e-154,  551,Shigella flexneri 2002017 chromosome, complete genome
NODE_410_length_258_cov_10.709302,gi|384541581|ref|NC_017328.1|,98.68,304,3,1,2e-150,  538,Shigella flexneri 2002017 chromosome, complete genome
NODE_410_length_258_cov_10.709302,gi|384541581|ref|NC_017328.1|,98.36,304,5,0,3e-149,  534,Shigella flexneri 2002017 chromosome, complete genome
NODE_410_length_258_cov_10.709302,gi|384541581|ref|NC_017328.1|,97.70,304,6,1,2e-145,  521,Shigella flexneri 2002017 chromosome, complete genome
NODE_410_length_258_cov_10.709302,gi|386612163|ref|NC_017641.1|,99.67,304,1,0,6e-156,  556,Escherichia coli UMNK88 chromosome, complete genome
NODE_410_length_258_cov_10.709302,gi|386612163|ref|NC_017641.1|,99.67,304,1,0,6e-156,  556,Escherichia coli UMNK88 chromosome, complete genome
NODE_410_length_258_cov_10.709302,gi|386612163|ref|NC_017641.1|,99.01,304,3,0,1e-152,  545,Escherichia coli UMNK88 chromosome, complete genome
NODE_410_length_258_cov_10.709302,gi|386612163|ref|NC_017641.1|,99.01,304,3,0,1e-152,  545,Escherichia coli UMNK88 chromosome, complete genome
NODE_410_length_258_cov_10.709302,gi|386612163|ref|NC_017641.1|,99.01,304,3,0,1e-152,  545,Escherichia coli UMNK88 chromosome, complete genome
NODE_410_length_258_cov_10.709302,gi|386612163|ref|NC_017641.1|,98.68,304,4,0,6e-151,  540,Escherichia coli UMNK88 chromosome, complete genome
NODE_410_length_258_cov_10.709302,gi|386612163|ref|NC_017641.1|,98.03,304,6,0,1e-147,  529,Escherichia coli UMNK88 chromosome, complete genome
NODE_410_length_258_cov_10.709302,gi|218703261|ref|NC_011751.1|,99.67,304,1,0,6e-156,  556,Escherichia coli UMN026 chromosome, complete genome
NODE_410_length_258_cov_10.709302,gi|218703261|ref|NC_011751.1|,98.68,304,4,0,6e-151,  540,Escherichia coli UMN026 chromosome, complete genome
NODE_410_length_258_cov_10.709302,gi|218703261|ref|NC_011751.1|,98.03,304,6,0,1e-147,  529,Escherichia coli UMN026 chromosome, complete genome
NODE_410_length_258_cov_10.709302,gi|218703261|ref|NC_011751.1|,98.03,304,6,0,1e-147,  529,Escherichia coli UMN026 chromosome, complete genome
NODE_410_length_258_cov_10.709302,gi|218703261|ref|NC_011751.1|,98.03,304,6,0,1e-147,  529,Escherichia coli UMN026 chromosome, complete genome
NODE_410_length_258_cov_10.709302,gi|218703261|ref|NC_011751.1|,98.03,304,6,0,1e-147,  529,Escherichia coli UMN026 chromosome, complete genome
NODE_410_length_258_cov_10.709302,gi|218703261|ref|NC_011751.1|,97.70,304,7,0,6e-146,  523,Escherichia coli UMN026 chromosome, complete genome
NODE_410_length_258_cov_10.709302,gi|209917191|ref|NC_011415.1|,99.67,304,1,0,6e-156,  556,Escherichia coli SE11 chromosome, complete genome
NODE_410_length_258_cov_10.709302,gi|209917191|ref|NC_011415.1|,98.03,304,6,0,1e-147,  529,Escherichia coli SE11 chromosome, complete genome
NODE_410_length_258_cov_10.709302,gi|209917191|ref|NC_011415.1|,98.03,304,6,0,1e-147,  529,Escherichia coli SE11 chromosome, complete genome
NODE_410_length_258_cov_10.709302,gi|209917191|ref|NC_011415.1|,98.03,304,6,0,1e-147,  529,Escherichia coli SE11 chromosome, complete genome
NODE_410_length_258_cov_10.709302,gi|209917191|ref|NC_011415.1|,98.03,304,6,0,1e-147,  529,Escherichia coli SE11 chromosome, complete genome
NODE_410_length_258_cov_10.709302,gi|209917191|ref|NC_011415.1|,97.37,304,8,0,3e-144,  518,Escherichia coli SE11 chromosome, complete genome
NODE_410_length_258_cov_10.709302,gi|209917191|ref|NC_011415.1|,97.37,304,8,0,3e-144,  518,Escherichia coli SE11 chromosome, complete genome
NODE_410_length_258_cov_10.709302,gi|386703215|ref|NC_017663.1|,99.67,304,1,0,6e-156,  556,Escherichia coli P12b chromosome, complete genome
NODE_410_length_258_cov_10.709302,gi|386703215|ref|NC_017663.1|,99.01,304,3,0,1e-152,  545,Escherichia coli P12b chromosome, complete genome
NODE_410_length_258_cov_10.709302,gi|386703215|ref|NC_017663.1|,98.03,304,6,0,1e-147,  529,Escherichia coli P12b chromosome, complete genome
NODE_410_length_258_cov_10.709302,gi|386703215|ref|NC_017663.1|,98.03,304,6,0,1e-147,  529,Escherichia coli P12b chromosome, complete genome
NODE_410_length_258_cov_10.709302,gi|386703215|ref|NC_017663.1|,98.03,304,6,0,1e-147,  529,Escherichia coli P12b chromosome, complete genome
NODE_410_length_258_cov_10.709302,gi|386703215|ref|NC_017663.1|,98.03,304,6,0,1e-147,  529,Escherichia coli P12b chromosome, complete genome
NODE_410_length_258_cov_10.709302,gi|386703215|ref|NC_017663.1|,97.70,304,7,0,6e-146,  523,Escherichia coli P12b chromosome, complete genome
NODE_410_length_258_cov_10.709302,gi|386622414|ref|NC_017646.1|,99.67,304,1,0,6e-156,  556,Escherichia coli O7:K1 str. CE10 chromosome, complete genome
NODE_410_length_258_cov_10.709302,gi|386622414|ref|NC_017646.1|,99.67,304,1,0,6e-156,  556,Escherichia coli O7:K1 str. CE10 chromosome, complete genome
NODE_410_length_258_cov_10.709302,gi|386622414|ref|NC_017646.1|,99.01,304,3,0,1e-152,  545,Escherichia coli O7:K1 str. CE10 chromosome, complete genome
NODE_410_length_258_cov_10.709302,gi|386622414|ref|NC_017646.1|,99.01,304,3,0,1e-152,  545,Escherichia coli O7:K1 str. CE10 chromosome, complete genome
NODE_410_length_258_cov_10.709302,gi|386622414|ref|NC_017646.1|,98.68,304,4,0,6e-151,  540,Escherichia coli O7:K1 str. CE10 chromosome, complete genome
NODE_410_length_258_cov_10.709302,gi|386622414|ref|NC_017646.1|,98.36,304,5,0,3e-149,  534,Escherichia coli O7:K1 str. CE10 chromosome, complete genome
NODE_410_length_258_cov_10.709302,gi|386622414|ref|NC_017646.1|,98.36,304,5,0,3e-149,  534,Escherichia coli O7:K1 str. CE10 chromosome, complete genome
NODE_410_length_258_cov_10.709302,gi|215485161|ref|NC_011601.1|,99.67,304,1,0,6e-156,  556,Escherichia coli O127:H6 str. E2348/69 chromosome, complete genome
NODE_410_length_258_cov_10.709302,gi|215485161|ref|NC_011601.1|,99.67,304,1,0,6e-156,  556,Escherichia coli O127:H6 str. E2348/69 chromosome, complete genome
NODE_410_length_258_cov_10.709302,gi|215485161|ref|NC_011601.1|,99.01,304,3,0,1e-152,  545,Escherichia coli O127:H6 str. E2348/69 chromosome, complete genome
NODE_410_length_258_cov_10.709302,gi|215485161|ref|NC_011601.1|,98.68,304,4,0,6e-151,  540,Escherichia coli O127:H6 str. E2348/69 chromosome, complete genome
NODE_410_length_258_cov_10.709302,gi|215485161|ref|NC_011601.1|,98.36,304,5,0,3e-149,  534,Escherichia coli O127:H6 str. E2348/69 chromosome, complete genome
NODE_410_length_258_cov_10.709302,gi|215485161|ref|NC_011601.1|,98.36,304,5,0,3e-149,  534,Escherichia coli O127:H6 str. E2348/69 chromosome, complete genome
NODE_410_length_258_cov_10.709302,gi|215485161|ref|NC_011601.1|,97.70,304,7,0,6e-146,  523,Escherichia coli O127:H6 str. E2348/69 chromosome, complete genome
NODE_410_length_258_cov_10.709302,gi|260866153|ref|NC_013364.1|,99.67,304,1,0,6e-156,  556,Escherichia coli O111:H- str. 11128, complete genome
NODE_410_length_258_cov_10.709302,gi|260866153|ref|NC_013364.1|,98.03,304,6,0,1e-147,  529,Escherichia coli O111:H- str. 11128, complete genome
NODE_410_length_258_cov_10.709302,gi|260866153|ref|NC_013364.1|,98.03,304,6,0,1e-147,  529,Escherichia coli O111:H- str. 11128, complete genome
NODE_410_length_258_cov_10.709302,gi|260866153|ref|NC_013364.1|,97.70,304,7,0,6e-146,  523,Escherichia coli O111:H- str. 11128, complete genome
NODE_410_length_258_cov_10.709302,gi|260866153|ref|NC_013364.1|,97.70,304,7,0,6e-146,  523,Escherichia coli O111:H- str. 11128, complete genome
NODE_410_length_258_cov_10.709302,gi|260866153|ref|NC_013364.1|,97.70,304,7,0,6e-146,  523,Escherichia coli O111:H- str. 11128, complete genome
NODE_410_length_258_cov_10.709302,gi|260866153|ref|NC_013364.1|,97.04,304,9,0,1e-142,  512,Escherichia coli O111:H- str. 11128, complete genome
NODE_676_length_274_cov_13.062044,gi|554463091|ref|NC_022593.1|,100.00,322,0,0,1e-167,  595,Lactococcus lactis subsp. lactis KLDS 4.0325, complete genome
NODE_676_length_274_cov_13.062044,gi|554463091|ref|NC_022593.1|,100.00,322,0,0,1e-167,  595,Lactococcus lactis subsp. lactis KLDS 4.0325, complete genome
NODE_676_length_274_cov_13.062044,gi|554463091|ref|NC_022593.1|,100.00,322,0,0,1e-167,  595,Lactococcus lactis subsp. lactis KLDS 4.0325, complete genome
NODE_676_length_274_cov_13.062044,gi|554463091|ref|NC_022593.1|,100.00,322,0,0,1e-167,  595,Lactococcus lactis subsp. lactis KLDS 4.0325, complete genome
NODE_676_length_274_cov_13.062044,gi|554463091|ref|NC_022593.1|,100.00,322,0,0,1e-167,  595,Lactococcus lactis subsp. lactis KLDS 4.0325, complete genome
NODE_676_length_274_cov_13.062044,gi|554463091|ref|NC_022593.1|,100.00,322,0,0,1e-167,  595,Lactococcus lactis subsp. lactis KLDS 4.0325, complete genome
NODE_676_length_274_cov_13.062044,gi|281490498|ref|NC_013656.1|,100.00,322,0,0,1e-167,  595,Lactococcus lactis subsp. lactis KF147 chromosome, complete genome
NODE_676_length_274_cov_13.062044,gi|281490498|ref|NC_013656.1|,100.00,322,0,0,1e-167,  595,Lactococcus lactis subsp. lactis KF147 chromosome, complete genome
NODE_676_length_274_cov_13.062044,gi|281490498|ref|NC_013656.1|,100.00,322,0,0,1e-167,  595,Lactococcus lactis subsp. lactis KF147 chromosome, complete genome
NODE_676_length_274_cov_13.062044,gi|281490498|ref|NC_013656.1|,100.00,322,0,0,1e-167,  595,Lactococcus lactis subsp. lactis KF147 chromosome, complete genome
NODE_676_length_274_cov_13.062044,gi|281490498|ref|NC_013656.1|,100.00,322,0,0,1e-167,  595,Lactococcus lactis subsp. lactis KF147 chromosome, complete genome
NODE_676_length_274_cov_13.062044,gi|281490498|ref|NC_013656.1|,100.00,322,0,0,1e-167,  595,Lactococcus lactis subsp. lactis KF147 chromosome, complete genome
NODE_676_length_274_cov_13.062044,gi|459284225|ref|NC_020450.1|,100.00,322,0,0,1e-167,  595,Lactococcus lactis subsp. lactis IO-1 DNA, complete genome
NODE_676_length_274_cov_13.062044,gi|459284225|ref|NC_020450.1|,100.00,322,0,0,1e-167,  595,Lactococcus lactis subsp. lactis IO-1 DNA, complete genome
NODE_676_length_274_cov_13.062044,gi|459284225|ref|NC_020450.1|,100.00,322,0,0,1e-167,  595,Lactococcus lactis subsp. lactis IO-1 DNA, complete genome
NODE_676_length_274_cov_13.062044,gi|459284225|ref|NC_020450.1|,100.00,322,0,0,1e-167,  595,Lactococcus lactis subsp. lactis IO-1 DNA, complete genome
NODE_676_length_274_cov_13.062044,gi|459284225|ref|NC_020450.1|,100.00,322,0,0,1e-167,  595,Lactococcus lactis subsp. lactis IO-1 DNA, complete genome
NODE_676_length_274_cov_13.062044,gi|459284225|ref|NC_020450.1|,100.00,322,0,0,1e-167,  595,Lactococcus lactis subsp. lactis IO-1 DNA, complete genome
NODE_676_length_274_cov_13.062044,gi|15671982|ref|NC_002662.1|,100.00,322,0,0,1e-167,  595,Lactococcus lactis subsp. lactis Il1403 chromosome, complete genome
NODE_676_length_274_cov_13.062044,gi|15671982|ref|NC_002662.1|,100.00,322,0,0,1e-167,  595,Lactococcus lactis subsp. lactis Il1403 chromosome, complete genome
NODE_676_length_274_cov_13.062044,gi|15671982|ref|NC_002662.1|,100.00,322,0,0,1e-167,  595,Lactococcus lactis subsp. lactis Il1403 chromosome, complete genome
NODE_676_length_274_cov_13.062044,gi|15671982|ref|NC_002662.1|,100.00,322,0,0,1e-167,  595,Lactococcus lactis subsp. lactis Il1403 chromosome, complete genome
NODE_676_length_274_cov_13.062044,gi|15671982|ref|NC_002662.1|,99.69,322,0,1,2e-165,  588,Lactococcus lactis subsp. lactis Il1403 chromosome, complete genome
NODE_676_length_274_cov_13.062044,gi|15671982|ref|NC_002662.1|,99.69,322,0,1,2e-165,  588,Lactococcus lactis subsp. lactis Il1403 chromosome, complete genome
NODE_676_length_274_cov_13.062044,gi|385829589|ref|NC_017486.1|,100.00,322,0,0,1e-167,  595,Lactococcus lactis subsp. lactis CV56 chromosome, complete genome
NODE_676_length_274_cov_13.062044,gi|385829589|ref|NC_017486.1|,100.00,322,0,0,1e-167,  595,Lactococcus lactis subsp. lactis CV56 chromosome, complete genome
NODE_676_length_274_cov_13.062044,gi|385829589|ref|NC_017486.1|,100.00,322,0,0,1e-167,  595,Lactococcus lactis subsp. lactis CV56 chromosome, complete genome
NODE_676_length_274_cov_13.062044,gi|385829589|ref|NC_017486.1|,100.00,322,0,0,1e-167,  595,Lactococcus lactis subsp. lactis CV56 chromosome, complete genome
NODE_676_length_274_cov_13.062044,gi|385829589|ref|NC_017486.1|,100.00,322,0,0,1e-167,  595,Lactococcus lactis subsp. lactis CV56 chromosome, complete genome
NODE_676_length_274_cov_13.062044,gi|385829589|ref|NC_017486.1|,100.00,322,0,0,1e-167,  595,Lactococcus lactis subsp. lactis CV56 chromosome, complete genome
NODE_676_length_274_cov_13.062044,gi|414073323|ref|NC_019435.1|,100.00,322,0,0,1e-167,  595,Lactococcus lactis subsp. cremoris UC509.9, complete genome
NODE_676_length_274_cov_13.062044,gi|414073323|ref|NC_019435.1|,100.00,322,0,0,1e-167,  595,Lactococcus lactis subsp. cremoris UC509.9, complete genome
NODE_676_length_274_cov_13.062044,gi|414073323|ref|NC_019435.1|,100.00,322,0,0,1e-167,  595,Lactococcus lactis subsp. cremoris UC509.9, complete genome
NODE_676_length_274_cov_13.062044,gi|414073323|ref|NC_019435.1|,100.00,322,0,0,1e-167,  595,Lactococcus lactis subsp. cremoris UC509.9, complete genome
NODE_676_length_274_cov_13.062044,gi|414073323|ref|NC_019435.1|,100.00,322,0,0,1e-167,  595,Lactococcus lactis subsp. cremoris UC509.9, complete genome
NODE_676_length_274_cov_13.062044,gi|414073323|ref|NC_019435.1|,100.00,322,0,0,1e-167,  595,Lactococcus lactis subsp. cremoris UC509.9, complete genome
NODE_676_length_274_cov_13.062044,gi|116510843|ref|NC_008527.1|,100.00,322,0,0,1e-167,  595,Lactococcus lactis subsp. cremoris SK11, complete genome
NODE_676_length_274_cov_13.062044,gi|116510843|ref|NC_008527.1|,100.00,322,0,0,1e-167,  595,Lactococcus lactis subsp. cremoris SK11, complete genome
NODE_676_length_274_cov_13.062044,gi|116510843|ref|NC_008527.1|,100.00,322,0,0,1e-167,  595,Lactococcus lactis subsp. cremoris SK11, complete genome
NODE_676_length_274_cov_13.062044,gi|116510843|ref|NC_008527.1|,100.00,322,0,0,1e-167,  595,Lactococcus lactis subsp. cremoris SK11, complete genome
NODE_676_length_274_cov_13.062044,gi|116510843|ref|NC_008527.1|,100.00,322,0,0,1e-167,  595,Lactococcus lactis subsp. cremoris SK11, complete genome
NODE_676_length_274_cov_13.062044,gi|116510843|ref|NC_008527.1|,100.00,322,0,0,1e-167,  595,Lactococcus lactis subsp. cremoris SK11, complete genome
NODE_676_length_274_cov_13.062044,gi|389853198|ref|NC_017949.1|,100.00,322,0,0,1e-167,  595,Lactococcus lactis subsp. cremoris NZ9000 chromosome, complete genome
NODE_676_length_274_cov_13.062044,gi|389853198|ref|NC_017949.1|,100.00,322,0,0,1e-167,  595,Lactococcus lactis subsp. cremoris NZ9000 chromosome, complete genome
NODE_676_length_274_cov_13.062044,gi|389853198|ref|NC_017949.1|,100.00,322,0,0,1e-167,  595,Lactococcus lactis subsp. cremoris NZ9000 chromosome, complete genome
NODE_676_length_274_cov_13.062044,gi|389853198|ref|NC_017949.1|,100.00,322,0,0,1e-167,  595,Lactococcus lactis subsp. cremoris NZ9000 chromosome, complete genome
NODE_676_length_274_cov_13.062044,gi|389853198|ref|NC_017949.1|,100.00,322,0,0,1e-167,  595,Lactococcus lactis subsp. cremoris NZ9000 chromosome, complete genome
NODE_676_length_274_cov_13.062044,gi|389853198|ref|NC_017949.1|,100.00,322,0,0,1e-167,  595,Lactococcus lactis subsp. cremoris NZ9000 chromosome, complete genome
NODE_676_length_274_cov_13.062044,gi|125622882|ref|NC_009004.1|,100.00,322,0,0,1e-167,  595,Lactococcus lactis subsp. cremoris MG1363 chromosome, complete genome
NODE_676_length_274_cov_13.062044,gi|125622882|ref|NC_009004.1|,100.00,322,0,0,1e-167,  595,Lactococcus lactis subsp. cremoris MG1363 chromosome, complete genome
NODE_676_length_274_cov_13.062044,gi|125622882|ref|NC_009004.1|,100.00,322,0,0,1e-167,  595,Lactococcus lactis subsp. cremoris MG1363 chromosome, complete genome
NODE_676_length_274_cov_13.062044,gi|125622882|ref|NC_009004.1|,100.00,322,0,0,1e-167,  595,Lactococcus lactis subsp. cremoris MG1363 chromosome, complete genome
NODE_676_length_274_cov_13.062044,gi|125622882|ref|NC_009004.1|,100.00,322,0,0,1e-167,  595,Lactococcus lactis subsp. cremoris MG1363 chromosome, complete genome
NODE_676_length_274_cov_13.062044,gi|125622882|ref|NC_009004.1|,100.00,322,0,0,1e-167,  595,Lactococcus lactis subsp. cremoris MG1363 chromosome, complete genome
NODE_676_length_274_cov_13.062044,gi|544393402|ref|NC_022369.1|,100.00,322,0,0,1e-167,  595,Lactococcus lactis subsp. cremoris KW2, complete genome
NODE_676_length_274_cov_13.062044,gi|544393402|ref|NC_022369.1|,100.00,322,0,0,1e-167,  595,Lactococcus lactis subsp. cremoris KW2, complete genome
NODE_676_length_274_cov_13.062044,gi|544393402|ref|NC_022369.1|,100.00,322,0,0,1e-167,  595,Lactococcus lactis subsp. cremoris KW2, complete genome
NODE_676_length_274_cov_13.062044,gi|544393402|ref|NC_022369.1|,100.00,322,0,0,1e-167,  595,Lactococcus lactis subsp. cremoris KW2, complete genome
NODE_676_length_274_cov_13.062044,gi|544393402|ref|NC_022369.1|,100.00,322,0,0,1e-167,  595,Lactococcus lactis subsp. cremoris KW2, complete genome
NODE_676_length_274_cov_13.062044,gi|544393402|ref|NC_022369.1|,100.00,322,0,0,1e-167,  595,Lactococcus lactis subsp. cremoris KW2, complete genome
